name,address,chain,creator
ディカプリオ),8hZZaivzfLXLfxJQUj9QXhYKyJ6rZLWhUGF9MWgbpump,sol,ALJ4P5QNyHeLEjpKGmA1eUfJHSEGQMjY8HLnDkSgjczb
Pippin Sol,HCCStgXzcYvYMGVS8pAF3MTBzBrGgBWQRJH9pm3zpump,sol,2yC9M9xzBa3k5bqxyDxbkEE8fzehvGggSwzEkjeZGgzJ
Machi Big Brother,ATBR4i19gcQ31Rfr7ymA2XvkCQEAkNFGBtVKTmdqpump,sol,Hp34goKgAhAYW6sw9iFAZofvDTr3DAhtkSKF1R9bAk2P
Foid,Mo6pYbqjiuUt6WK7EUEaiwU6e9GcCA9fy9Lfdj2pump,sol,8LR1aZLhAEesomSbsZA6QgMsoX9MhEDjS3J4YeabTxTk
vyxn,4wnFSMtaH2BySdjymK9ng9A93s5J9zmc6xuV2RGDpump,sol,HQrUeG7WpUxArwHu31kHbog9bDQoxvqrrqYa4bNidQj1
,3pAeJJySZXz5JsaM1mpap9hdodWoaTCrThrVwgKyjKkHCYJLey59DRpVCuoxvk3Rc3fJDjyhk55hu9eRC9hT61mj,sol,2b2N2p7xCS9ibDqxwYgXpDSTniJwwye7n93WYuzmr74s
,61hjHLfAeygEaU3N8Ckmj6cCFHXi8ZSUNig7WwvP6NRT5uiiTUXYSuQRdTn1R78hvawB9hFZnFknUN3PeFn8pMZK,sol,BiuC8NBgr2YBesiBxhTcDV73wFNt11Q8d6dNGzghEbch
,4cdk6Hwkg9pMyoTLkq9wYr5KhWBrVSzRBCmDYKtGPRaVEug4SVCEHtx5LUZDEYXaTLgPZes9apFh6nBVseqq6Q1,sol,DR4yHhyHhoY5jWeuYbKgK1HUQZH1tDmEAC7Vm2wchGR
,VxWH6NjWDJUGFzgDyFmugUHhq3zKZ9twZCD8V8oanxuwGp9mKoCmaerDCziyaLqSPLDUVkTNdKiUgwec3PvBHEv,sol,Aqje5DsN4u2PHmQxGF9PKfpsDGwQRCBhWeLKHCFhSMXk
,5msb6NQvP8LY7n5AEYdYbjufBEWpQY2VZ5SKmXkx7rxTRbtYKRb5LNpxaEqJSkHPgSf3o3JWGiynfedyuTqWfkyE,sol,8CMtMFVXBB2HAC3M25N5TUJj68qF5WvNi7N8CJB7sc3m
,3DAzmxdd9nTGKNmqXbmtBtMcG15ciCRdxJgjzeSfGBRCdR1SxX64tErkKgeWiuNWxJJJNe2CrTjvgQBzP4q8UBrS,sol,7yhWNwjoW9paSpvGpHrgVLJPXjWcJexsa9sD3ouLZYT9
,2xtZ5YUHu6BDdLBstCJprLVHk2HW9kmzyrdvCyQAg77aZw2yXzU4S85UReuxhfhs9r8MjQmkXyHz4ja4W841czeG,sol,8ch57BJvsKuQt6rmr1ZQvLrV7NbpopaSc3EuRppsz717
,4KB4ri9xa1y8MtX6xTEjm7qHD124Ef8ku8BvVB7JThH5wMKeutt5YhqZCNFHEiavmCnqkzkL6bHuJpC8oax7peE,sol,6uATEvJ97ZYn3Kk5i2zmLD2wHyKufxc4EY74tffMtobL
,5EmWXSbtHfUZ8wP6RpyE5JZ5t2xwAZF1Yiu3kmhU6dPFGMVo75nq8hNtiLbHi5oMZn7sS4Zr6CPa2W1sHDdvUuCn,sol,86jut9tAf9gPfkaUhwEjN8avhH7UxuoGUyk7oeZwtoV7
,Z1iqynovSaeEVc6aZX8bVnmqJovqJE9yVNyRJsqd5NGiHy3VZ1XozWqWf3qTYKGsYnHV4k87ry1YQvA5krsMfYG,sol,mPhxvWikwSKacztArkfeyEjXovG6irtrURxt8hqXhDe
,3XKbhdVaAgaTXr1f6e4TLub7VRVhdjtW6DizsN4zojKHbchWaGZ5y8qGRXTMouQQcmBAcb32c1Ut62KzzV8yWeJK,sol,5ATz3kWs3YsU8WR2ax9FzbKqQ8maKL2Ar7sxXqBKYjCL
,3JDBbMCuh9nmthP1Pv7mCZh7QcRQhfVJGCsa2eapZNPHdDSyXa3yd6ng7bxA7JUSnrwUj1WsauSW4tSdmPoXawcw,sol,EFaQQTGywnD4CjQQvTugUiyVT4LV9G6MsWqiub8X6unN
,4ogDEYJ3YZ6Fw9SBa84b5PdwGPQNyopz8LG5kahBMjdeRe8eUJxw4SaKmd91Jo8VV5euhjCDyg9Rq4ooTq2vqcxr,sol,5oYDDzpG4xQTVko39ZhXQhJcQEjbqWR89WUBmeiZ7MNi
,5fmoVwjwH48qZfhzp1q5fuFmDNi7VJeyBVDEbZBJEKSJppq3tKEFYotSX2MddBRjfboojAJpa1V3iuwhoaaqyogT,sol,8AMRscj1jegRPgbcGK8Fqjdsdkkh44enSeBrbfVWbWmJ
,5xg2v1CinoAyhmzaaiiz9KuxYLBUgYZKBTEgGaAzFymdBooEApFMyy1ir7KAHjim9szjQVwBUNe1WQrQc68asYjo,sol,2dv4uz3CkW1XQ6zpJ4M2t7FmAiCFBwRoK6MLWro8kY1o
,CYJruHehjurrsU4DK31YamuFH5AFHbu5if2Leym6SSoRL7xRBfL4ESzZLGsww8cuTj22ikYPSh3Q17LTVgDFkCt,sol,2CMMjKtY1oXKdBU5WTRXkDXCe91dAWoSb1ForTBiddVq
,42HtxgFpVv3KKgEywxrN1Whn3cWGzXWvsFJBLEZgP6xqSckdCkpZZhzE1YK5nfZ8Q9dwrKakBkKMHRBLJCpqh8Ae,sol,5iQTbNcz8XG19WBqRppzi236trCi5sGY9BYCE4HQSKjo
,4ZMVjaxuJZQWLHJ3kpZTAkToJ9fHoh2zZEoU4X43gaVwsE6ja7cisunoA944Vw2bpr4Y8jQGAKGRaG7HGzhFC8av,sol,g49wRsbdDm3MJUhmrgF6zqV1GvUr5S6ebTrdrUzp5J6
,5DVQcEcsw17QRuDXYLqNUn2NRr9Utk5PFZRhMtWpBRptrScdAyfSYjYUj9vjRoDhrBHAq9VfiyVrZxtNNeXEeVXn,sol,9CQAw4smu3pUyhqSLj3KAh2XvDrRBxtxuedWuEZ5HKtn
,42bnvmw8JQxAE1tsACh1iEKyyzqmRVUiUewLDvC5R11uwceGatjKe5khWrLAHmWwkcsjBoqgwbt2jLSh336ppebt,sol,FXiqSxKQMY1EP6SEV6psKi16wZyf42nkHZvxUidu7eV3
,2VGsW9LmAdG4KUdyXfUxcK4Kx4uyAjfY5a26oo5bjUvuAY7yT52gSfJ2geKr76VCsVsQZuv56zMan3PFC4BKLMW9,sol,8YUXZ4veX8cD69zZ1acKcsUuzQR4wCzDmJnQYH1onn7g
,UV7qw9oRYPHbU3Evjc1ZEcWy7qFnB1VqX34fXUHDaTY8nnfG8BuKCRpy33nP9WCA1QaRpxX2cXW1fBWnVKeb9M3,sol,5P3FaAUZhS5J5PzXU3YYSSHLCCTvR9F2WeFgZ7nqoDSr
,52iH37X8zsp4zuLA37Rwau4jDMkeaBt2nc12B3K4Y53kKdFszmNNcm9G1bPkgTangcyhUzBcdGBGkNnPDp21N6p7,sol,7zrfWFJrjPkqUEPs7dH65a9ys9iBZCQreBoazDaqzgvv
,on2xQqCe3BzDPTvmjXdPAka1kQwatMcMFtpsRHDzKgPfL6id4aS8uQJzJ4ZoJD4UtsjHWpMWubmgTEMtkXw1jbG,sol,2QtRKyh7EkmmbeHFNDDZmxzCxY7aBVuDPKbjtvYVHTLr
,3b5YmfZ2Biu1YKmSQcjvX4jmNWrmkVLsbxzCtp8HVwphgvtGjSHJoxSPVJoHZgJbAMJzv4D2vxDjawYmca3sf94f,sol,4Zq8m56mMvXEcBVSPt9q9Vyhr4pCGcLN9VYosFd3piFL
,3LxyBku7XT9kRnBdCMhbqBoj3rW6RoCGpurqTFXwc637nEUzyPNhT3NkgGx2chBcJaSD6wogqJP97CpccvYfBu8E,sol,A3WySdFfsNLNyRQABzfV5wAo1Y9fo2Kgrmuug7fTfBxL
,2NdEroHkLwc1nkQv5kWEepVVD4tbbPbW6R4p65akc2NcmibUD5HeubhMB5ebqTHJjkFqsqpeL6iMyRN7SGSvxPUG,sol,J5zSjX2v58a7sKdJgHKQr6xczCP5nvzgaDSgE4amE5Fz
,3YCsMERcJaZUFYtu9UGMEgCwnhYRZYUtQWT9JPoSb6JL8kZ5TirweHTcHjjjN1MXN7bf9Nm9Qmj6kDPE5BCru1RF,sol,AAWTCu8Hyu8uDrhGAXPcQsBYPx3E6jF3YRRCZWozz4Va
,58c6KEr15e2uVsQmQPUvem1SuD7aMqcuZaUkA5AHX7XFLX9ag1e3Y6vkrDfBnWmes4eQYXC15bycUKgRPA9Wz2T2,sol,Bb3TTh49JCHAJwFTn9ePjzF8fzSTGzhnEHJ4nuRu5ua1
,3LsQC7TBxA6GEm9aknsdggkgJPVPKhAiwfwyb1Q78ve6v9qpeCk8Ys9xet1PGRMothztVaUkGmZF54y5T4vvDQMp,sol,2z4WNJCHfX9p6jdZa2Es1SGUxaN53cjxeLbWV9RuEUt3
ディカプリオ),8hZZaivzfLXLfxJQUj9QXhYKyJ6rZLWhUGF9MWgbpump,sol,ALJ4P5QNyHeLEjpKGmA1eUfJHSEGQMjY8HLnDkSgjczb
Pippin Sol,HCCStgXzcYvYMGVS8pAF3MTBzBrGgBWQRJH9pm3zpump,sol,2yC9M9xzBa3k5bqxyDxbkEE8fzehvGggSwzEkjeZGgzJ
Machi Big Brother,ATBR4i19gcQ31Rfr7ymA2XvkCQEAkNFGBtVKTmdqpump,sol,Hp34goKgAhAYW6sw9iFAZofvDTr3DAhtkSKF1R9bAk2P
Foid,Mo6pYbqjiuUt6WK7EUEaiwU6e9GcCA9fy9Lfdj2pump,sol,8LR1aZLhAEesomSbsZA6QgMsoX9MhEDjS3J4YeabTxTk
vyxn,4wnFSMtaH2BySdjymK9ng9A93s5J9zmc6xuV2RGDpump,sol,HQrUeG7WpUxArwHu31kHbog9bDQoxvqrrqYa4bNidQj1
,3pAeJJySZXz5JsaM1mpap9hdodWoaTCrThrVwgKyjKkHCYJLey59DRpVCuoxvk3Rc3fJDjyhk55hu9eRC9hT61mj,sol,2b2N2p7xCS9ibDqxwYgXpDSTniJwwye7n93WYuzmr74s
,61hjHLfAeygEaU3N8Ckmj6cCFHXi8ZSUNig7WwvP6NRT5uiiTUXYSuQRdTn1R78hvawB9hFZnFknUN3PeFn8pMZK,sol,BiuC8NBgr2YBesiBxhTcDV73wFNt11Q8d6dNGzghEbch
,4cdk6Hwkg9pMyoTLkq9wYr5KhWBrVSzRBCmDYKtGPRaVEug4SVCEHtx5LUZDEYXaTLgPZes9apFh6nBVseqq6Q1,sol,DR4yHhyHhoY5jWeuYbKgK1HUQZH1tDmEAC7Vm2wchGR
,VxWH6NjWDJUGFzgDyFmugUHhq3zKZ9twZCD8V8oanxuwGp9mKoCmaerDCziyaLqSPLDUVkTNdKiUgwec3PvBHEv,sol,Aqje5DsN4u2PHmQxGF9PKfpsDGwQRCBhWeLKHCFhSMXk
,5msb6NQvP8LY7n5AEYdYbjufBEWpQY2VZ5SKmXkx7rxTRbtYKRb5LNpxaEqJSkHPgSf3o3JWGiynfedyuTqWfkyE,sol,8CMtMFVXBB2HAC3M25N5TUJj68qF5WvNi7N8CJB7sc3m
,3DAzmxdd9nTGKNmqXbmtBtMcG15ciCRdxJgjzeSfGBRCdR1SxX64tErkKgeWiuNWxJJJNe2CrTjvgQBzP4q8UBrS,sol,7yhWNwjoW9paSpvGpHrgVLJPXjWcJexsa9sD3ouLZYT9
,2xtZ5YUHu6BDdLBstCJprLVHk2HW9kmzyrdvCyQAg77aZw2yXzU4S85UReuxhfhs9r8MjQmkXyHz4ja4W841czeG,sol,8ch57BJvsKuQt6rmr1ZQvLrV7NbpopaSc3EuRppsz717
,4KB4ri9xa1y8MtX6xTEjm7qHD124Ef8ku8BvVB7JThH5wMKeutt5YhqZCNFHEiavmCnqkzkL6bHuJpC8oax7peE,sol,6uATEvJ97ZYn3Kk5i2zmLD2wHyKufxc4EY74tffMtobL
,5EmWXSbtHfUZ8wP6RpyE5JZ5t2xwAZF1Yiu3kmhU6dPFGMVo75nq8hNtiLbHi5oMZn7sS4Zr6CPa2W1sHDdvUuCn,sol,86jut9tAf9gPfkaUhwEjN8avhH7UxuoGUyk7oeZwtoV7
,Z1iqynovSaeEVc6aZX8bVnmqJovqJE9yVNyRJsqd5NGiHy3VZ1XozWqWf3qTYKGsYnHV4k87ry1YQvA5krsMfYG,sol,mPhxvWikwSKacztArkfeyEjXovG6irtrURxt8hqXhDe
,3XKbhdVaAgaTXr1f6e4TLub7VRVhdjtW6DizsN4zojKHbchWaGZ5y8qGRXTMouQQcmBAcb32c1Ut62KzzV8yWeJK,sol,5ATz3kWs3YsU8WR2ax9FzbKqQ8maKL2Ar7sxXqBKYjCL
,3JDBbMCuh9nmthP1Pv7mCZh7QcRQhfVJGCsa2eapZNPHdDSyXa3yd6ng7bxA7JUSnrwUj1WsauSW4tSdmPoXawcw,sol,EFaQQTGywnD4CjQQvTugUiyVT4LV9G6MsWqiub8X6unN
,4ogDEYJ3YZ6Fw9SBa84b5PdwGPQNyopz8LG5kahBMjdeRe8eUJxw4SaKmd91Jo8VV5euhjCDyg9Rq4ooTq2vqcxr,sol,5oYDDzpG4xQTVko39ZhXQhJcQEjbqWR89WUBmeiZ7MNi
,5fmoVwjwH48qZfhzp1q5fuFmDNi7VJeyBVDEbZBJEKSJppq3tKEFYotSX2MddBRjfboojAJpa1V3iuwhoaaqyogT,sol,8AMRscj1jegRPgbcGK8Fqjdsdkkh44enSeBrbfVWbWmJ
,5xg2v1CinoAyhmzaaiiz9KuxYLBUgYZKBTEgGaAzFymdBooEApFMyy1ir7KAHjim9szjQVwBUNe1WQrQc68asYjo,sol,2dv4uz3CkW1XQ6zpJ4M2t7FmAiCFBwRoK6MLWro8kY1o
,CYJruHehjurrsU4DK31YamuFH5AFHbu5if2Leym6SSoRL7xRBfL4ESzZLGsww8cuTj22ikYPSh3Q17LTVgDFkCt,sol,2CMMjKtY1oXKdBU5WTRXkDXCe91dAWoSb1ForTBiddVq
,42HtxgFpVv3KKgEywxrN1Whn3cWGzXWvsFJBLEZgP6xqSckdCkpZZhzE1YK5nfZ8Q9dwrKakBkKMHRBLJCpqh8Ae,sol,5iQTbNcz8XG19WBqRppzi236trCi5sGY9BYCE4HQSKjo
,4ZMVjaxuJZQWLHJ3kpZTAkToJ9fHoh2zZEoU4X43gaVwsE6ja7cisunoA944Vw2bpr4Y8jQGAKGRaG7HGzhFC8av,sol,g49wRsbdDm3MJUhmrgF6zqV1GvUr5S6ebTrdrUzp5J6
,5DVQcEcsw17QRuDXYLqNUn2NRr9Utk5PFZRhMtWpBRptrScdAyfSYjYUj9vjRoDhrBHAq9VfiyVrZxtNNeXEeVXn,sol,9CQAw4smu3pUyhqSLj3KAh2XvDrRBxtxuedWuEZ5HKtn
,42bnvmw8JQxAE1tsACh1iEKyyzqmRVUiUewLDvC5R11uwceGatjKe5khWrLAHmWwkcsjBoqgwbt2jLSh336ppebt,sol,FXiqSxKQMY1EP6SEV6psKi16wZyf42nkHZvxUidu7eV3
,2VGsW9LmAdG4KUdyXfUxcK4Kx4uyAjfY5a26oo5bjUvuAY7yT52gSfJ2geKr76VCsVsQZuv56zMan3PFC4BKLMW9,sol,8YUXZ4veX8cD69zZ1acKcsUuzQR4wCzDmJnQYH1onn7g
,UV7qw9oRYPHbU3Evjc1ZEcWy7qFnB1VqX34fXUHDaTY8nnfG8BuKCRpy33nP9WCA1QaRpxX2cXW1fBWnVKeb9M3,sol,5P3FaAUZhS5J5PzXU3YYSSHLCCTvR9F2WeFgZ7nqoDSr
,52iH37X8zsp4zuLA37Rwau4jDMkeaBt2nc12B3K4Y53kKdFszmNNcm9G1bPkgTangcyhUzBcdGBGkNnPDp21N6p7,sol,7zrfWFJrjPkqUEPs7dH65a9ys9iBZCQreBoazDaqzgvv
,on2xQqCe3BzDPTvmjXdPAka1kQwatMcMFtpsRHDzKgPfL6id4aS8uQJzJ4ZoJD4UtsjHWpMWubmgTEMtkXw1jbG,sol,2QtRKyh7EkmmbeHFNDDZmxzCxY7aBVuDPKbjtvYVHTLr
,3b5YmfZ2Biu1YKmSQcjvX4jmNWrmkVLsbxzCtp8HVwphgvtGjSHJoxSPVJoHZgJbAMJzv4D2vxDjawYmca3sf94f,sol,4Zq8m56mMvXEcBVSPt9q9Vyhr4pCGcLN9VYosFd3piFL
,3LxyBku7XT9kRnBdCMhbqBoj3rW6RoCGpurqTFXwc637nEUzyPNhT3NkgGx2chBcJaSD6wogqJP97CpccvYfBu8E,sol,A3WySdFfsNLNyRQABzfV5wAo1Y9fo2Kgrmuug7fTfBxL
,2NdEroHkLwc1nkQv5kWEepVVD4tbbPbW6R4p65akc2NcmibUD5HeubhMB5ebqTHJjkFqsqpeL6iMyRN7SGSvxPUG,sol,J5zSjX2v58a7sKdJgHKQr6xczCP5nvzgaDSgE4amE5Fz
,3YCsMERcJaZUFYtu9UGMEgCwnhYRZYUtQWT9JPoSb6JL8kZ5TirweHTcHjjjN1MXN7bf9Nm9Qmj6kDPE5BCru1RF,sol,AAWTCu8Hyu8uDrhGAXPcQsBYPx3E6jF3YRRCZWozz4Va
,58c6KEr15e2uVsQmQPUvem1SuD7aMqcuZaUkA5AHX7XFLX9ag1e3Y6vkrDfBnWmes4eQYXC15bycUKgRPA9Wz2T2,sol,Bb3TTh49JCHAJwFTn9ePjzF8fzSTGzhnEHJ4nuRu5ua1
,3LsQC7TBxA6GEm9aknsdggkgJPVPKhAiwfwyb1Q78ve6v9qpeCk8Ys9xet1PGRMothztVaUkGmZF54y5T4vvDQMp,sol,2z4WNJCHfX9p6jdZa2Es1SGUxaN53cjxeLbWV9RuEUt3
,4BKYmfbTpFSesRUkXnVHvbyBdBSz3S3eib3Nh3ZmAjNnE9UEBLfEM2icjeAqQiPAdYCo5jq6Qn8ZqsDTDxSGvEGu,sol,C5UeVd2WNxdaejF9QH8ZXwHhDk3h3D3zVYmDNpnrpHY1
,47vf8TDZo9NVky8BgQ4RhAmnKcUFv8U5vi3G69Dv4iLmu45tergpRvNTJ2CjDQipEWezxruXycmHyGQi3ghVyzMx,sol,6nU2L7MQVUWjtdKHVpuZA9aind73nd3rXC4YFo8KQCy4
,3AvGq4cYRg2ebBzLLPtzvRAbiPVJT8jF5avWAWy1tRkzVoj5YA323th1iw934dcYipD9pUimx8cgNEp4TDyreVrm,sol,9Zu8AigeXgFAajBTni2VWw6Wmz7XxDqHmY5nQwdCWAyY
,4xas7yu6VYcp8ViHDYLhjn93JeDyKTzGEmqXQpHAJ7zM8tbeFZhYSgg2XJ64SNUN1uQ8o1rDEo1UwmDtCEYmZUQd,sol,DPNPVvoGdwNBY849ryx2JZzakWuWbDTfSUYr8aNfKLwA
,5xxogDpGAqm52BCHaT8vPPNrqoDUiwqoCNxXum7BphkBf3sapJroJf5W9ZANZzvicF2zNbC2SPKbmR87T2jjWERc,sol,DLVGDBnGmfwXsJRHRk3zzh4bnEGqFiviesgGQs646Lmq
,4YVAkYaxi1VMKNLD2CHQPdvq2peKQe1iSxrVbdvHuL6c3atat8BuSpMasVMT6PeYu7FUYLTQxsJLcUt7FYKgygdy,sol,HqoMgNYKRsAY5zmXHScatuSU9K71NAyHqXnwCnQqBtmA
,2Q3oHC1g3kgP72P3aGKDUih9zLXDdJQxk53q3UZzkgppizvNTtVTruCgbki84rJo7KuL12X6PRUUHYPPp3yivezR,sol,7kGAXsa7n1qN2FuNoJAGmzebmN9KqqLAHcwj7gvoekKk
,GFhU1YCnrjn7bCQH7R2wGFcTWEVDyCScsPSviE8L3hXxmh5vJRDhtFKNaN4opR285dfHCTsppkmhh1X7nGxoEkx,sol,5DytZawBbrUvbWKEhjYLybfDe1VQCSfp9NZx4cd7zB22
,1VQv5VrPxhSe7LSqhnLsEd3bfwEMtQDExUkTeoxEzXYxEwLkqQmxY4KqTZy1uLZNTP4QaeoqFRRMNXPKJTdpzc4,sol,Ho8jkxgmbntBSxLLTitiYhv2DvHzn8XLbsZmkapA7RBF
,FnES3Er3fu1c4VTPHxbdEq6iZWw9vniYnc9kDUDxUN7gfqm6DJ7dZmLVeQVF3uweTx7CTaRPz1rLYAC1m8t47mo,sol,GXP22gyGrGqWX8rEBexpwTVRuV668hxgKq9njUbJPwbS
,5p7ySxLLFBWqn8aSvaVBLziXZGkSYU8fPSTR5C4YpvyLEek1qiiwKB7TocM4CtUTB2QKqFiUjiAdcELSoaynxCpr,sol,AMFWWaxnhPzFpcYyixnpRZDymPD1e8seaDV3L9jqGpQa
,3Cx8jPLLYdNQD3k2SRWsjhTudnMiCmvPyTPiCz4qiafejtD36fu4mvYHPn2A31uR4kDHzJ8YPiunsSvqdJmMKkvq,sol,BoGxGZ5yWanwcqQPYnQyRNHL7rbrX53ry1S6jtMxADb7
,5KHqegKtZiwYgPbdpx62DyTkFYpm8a5BoxtjNLupkJjuUUPhtAEXZMhmtAZQmWvNM4UTUqVT18nNSmJ1PRCa89kV,sol,G7NvZKjoVqBDWciSYtWWgUPB7DA1iJavdvH5jty2FAmM
,q3jJhnxxRYKQ7G4UAYQD18GXM77u7xjwN2wU3aNWyGAVSGFVDqK3rpp8pkbFLgE6GmRfJ86DssPoBmvjkPkxAXn,sol,9wAmwX6ceJpke6NAoeAhvd8yUZaqcRUH6zPFJHTy9cm8
,5WaAk1mgd9P7vdzVTh4mmrS2YepMgqWodQc82NPfXsjcJenczCg87pc1dNuNsPPzX9EpaGY7Ni3nopm2GHp4UuZn,sol,4n6XhGZV4itbUwg6yU7xWTqmtH3mzAuQBBD7KK8LFn5s
,zwC1jXdb1HKUYbdjBCJ4qrTJ6xvvVb3GCyp96dHNN99Rcq6Y2KuAPWmoniXnFGLHG8YxCLjebZK4rBKouzGBzNi,sol,5KPkkZig1LvCxexkRRp2dxMdski9GwPdDwzbNBLNxb2s
,5samACMQqXyhgeCrRkN6btw2eHL3isB6fXSxnQA8WoN2uKvbqmHunjNn5rVy16SPyYeU4iU47khtsL3K1VGHdKVi,sol,6ujZxnphRxTqveaQtLAQHFoWz16xhLWZbTijcgZN4fRp
,2WXxfYPRmo3PMduom6CxzamqT75RAsq3PkCxBtRnZKizkndsbCKkkKww4RPACccUzpZbpBAYrmRmrMoVTeJcpHwY,sol,9R1NWqwAAwboXdRCpbbAfrcfaurZTr5oX2vPM3yw8i8R
,5TXmosE3USEWp2gRqyxuVMiQ8SeaGxvsGoDwFzSirPtUmaEBJbpHkhYKBkhvftamPgTL5ZuH9ZRsizZjtR8gccwQ,sol,4JmC6MNeioN8cN98bM1VdbSjzGGF4qaMeRVzYrxKvthz
,51cov5vvdi31vAnLRUdfzb9C6wDEmdG5TX1zzQu6RaLD7NvrT1U4GaLnGT5NEZJPCt8WKF9BE7kzJpqicNoyPpJZ,sol,BoUA2M7nJPs7znQezBoVjuQ9qdLnNhNnjjwnLqwFNpcW
,5s6SwJsycnSqEamh8mrkSd5zMuUGWMRjaEeGvneBbWaMYGERfZimEQbgV7zV9EFYLYyJicXuotrR9TmrUkxAnQRb,sol,DsL2KFVPek56ySH4fuTcNVHN1HUzD5q2spqtk5mWvcoJ
,54sbJaVSqnXzd8eSz4Ctp9nVUwgiasN1JvZs2wq7rw6ByhWQZuJWqdyJhMmjPnTFoPoCscXuNgXKq7meP1nD4nZP,sol,BavfpTg7AZrr5NQqmMMvvmdB7fHV8VpopWqTewykDNkF
,22eJBp8HkXatJ8CQDBdE3rdawa7phjmPBtDnTNaN6YyCFN4kEdRsTTx1A4cB3WCt4sUcyQsCEMhSGNspC36zqZwP,sol,bwamJzztZsepfkteWRChggmXuiiCQvpLqPietdNfSXa
,2Q7Y5ax7MGHqBnEhqzfLVwKws5W1fonSBUy9S8Ru9KfSfvED7f7NYtotGsJooN6a324CDSVBKVG5hfNZSSsrKPYA,sol,3yR7asgmPr3p1fThTXeeTDeoUzHiJB5AB8cos4bNhYB8
,aBtXcYjRipYpHsNocmsNM4ia8kFzVkcZcgsjpnCpkjnxnKSdeTCQkDhpXCZ2xtYaWFUhpFP8XmpygV8Vi1X2Rdr,sol,5oTzrzku7GREo57ECRhLSni8SuGGsCWj6JfnvQhwgR37
,4qzRq8dEKkW5cm3wkpYjb1fVCF6Y7ALSi2aAc9Ua7WYXUAQceHirzGVepf22ffPJ3cvRwc4uFvQ4YveEwpx43oqK,sol,XNpZ1YSf7UUaYbPCX3HHAcJNq2bjH2mNwnhdAd8pNJ6
,2epDZvVN3Dr7LQ7oMvqRmfV43PtL7HMVzhoykz56bcYRdcpx5n6GUUCqVcfxc8Z7iDuMz64q8qS8b5ohH5FJp42w,sol,A8DNkCAGEgkpq9WTRHQ5BVuQTw9Nf2Jt2EviN3ishHNz
,CwZBBY6bWY5TTYN9WrD5WitXu3xpsbSj2JWAjPyGpxRYYLouU1UcxhBwDDAHsFtGE9BagXnSQMPQcQeWRsVQkXH,sol,EeRYL6wymvK3Yc7zoj4wn8a3WPVUos4XnaEL3GCo3beJ
,37e1zDEbqGmrF6EAurMs8gtfPqZxmsvCmpUUb5mABtZeBeBWMPtNucLKQUWAZ5nCbeW2Vyku7LkP9kjvySwkaPYM,sol,5xuQXwohDGWn4naiti4HsSzZu2gST2ugTZvXRVyJ6p92
,ecQyArp1dqMsQKxkoq2RyjiZAWouBPFYbjAPz4LmJxZZNGeDYTJu1V1UdP9bY2W4472oh3xTqpEUSKppUixAjLX,sol,DuoBs997Fbg1YYctygRX21NbbEByoupD17PTTcfpEvnc
,4xDf2Fx7yrz8wVGgKTPicDs4m1siQmsGimoJbSsGUYD4wmZCCJ6Yu7DS699DTpkV4dUELG5msK5uLMbZ3cSrmjyS,sol,5Qjv7j2BM8vdC2dueop5jGcuBRczo1rcWYPeVQ7RxYZ7
,5Nvbp67FDTBmRcNFCftqosZqoWeCwjuguV8FAwJbAuUGKtma5tiHZSMsEd5AemcfHVz6Qtk8KFP3KbkSGeUZTpSE,sol,3R8BMCo5Xz1hBaEKpK4rMzt9LFvnjH5BKyeRMwhnZx2X
,3yB6HthfKtFYfuvwD3gGcefodQjYxv28Ls6vz4V6brENXxviwEhikTyhJa29hnyjczD14mRUrdEJnbSsx2NkvnuL,sol,FQzkZx6kpGMbZJ1JvwuGb9yDpFyAMiKbuFDRfTpSPEaT
,4aG41GoBtZyBnC6Q31AQzXcdSZcii2zYn2RWrwL45ow9Z1eL727PuBzJLfjH1aZgZz1o7ANtwfkzwD73oKyUvrfC,sol,378cQg19UrHSXQr3QY4ABGjDyWBWtHnR3gBGnRSLmscD
,3A3rnyGzGSfTs7q5oVs4Y5j6mcWzmn1SMHyHu22VPz96UBatnF6uEGzBCRKNjaBX9SGACFK8DMqhP95AVt7QjAFT,sol,7E9jfxCczubz4FXkkVKzUMHXGwzJxyppC4m7y3ew8ATg
,bQbSzjN1AGe3TfTKpZ7hZPu7GZqNGaqqAZ2YJtpwow9FgXVgvYAqZrYhmdePvnUZjtPUoKzTUxfMhBvVatYBS9J,sol,J7NiptV7RgWp9n3SAiVnGGhtCJWrMAqGPL8Pckg4RKwU
,4Ga5REE7c8BaKaozTuqUhn2bgf1HbCkUv5tHF4X3ErC33VJKPCs96B12GM6adp599x6WkuU4YJjLWoFiFfZKvG19,sol,QZ42XWxvQHPszXX5qZvK6cJxfRuU7aEi78MYZFQS1QR
,5PcERgY1dyNofuAmztCVzQrm2M2iokTATxMLGiRewXJPG3Yxuu4D7rY963z3EFoSA53YGDGgCC6jzWPEhF5ZSof5,sol,4eZSweFbNWEFLJiEnroVG8TZXZeqRyfWDP9dfvDFZRTz
,2s3LS7PKSybEpWf65P6FQX448xDiS9DunZs7csfPK2dj1jS1BoCE1o7ESZB5ENT3zhFrrdrKbiiCMspYqeFpJY1J,sol,BEgEriEiqjfY6nQkKeMwKSfRFyhJwKjqfH8Y9ikZbpC6
,3YbLLw3vjFMMM6LE6wro9puZKRknksySrbGHwd39CEuQBB6SGc8ViVyFgcZKLXRHqzHpwHDMD3vxqjN69pRSc5pJ,sol,B8jY8uR1Hcdr1BoAwzH7H98nHEcVkTUasPC9QrLfR41r
,3Afb7ukWeqabDVmnyXqgACgqydarsuSKQS4PJwrd2tjm63eJAPYwrMagC1abpVEiHcVgBNQxHzaUHExT7ddZyp6A,sol,76eZiMBqHcemT9PDcrVQSCLAgMYNwyfa63oBh35vpRvr
,2yXR2UxfsnnUcXjdvcXkB19Y1GX92z15QfH2i1pNQxk7VkSo1xavc4Eech3NovodsEA2CaS97QhZumDyggBMXdGW,sol,FkXgrRcyGCLgrytmHMgPoav9fGUUgdiLBT77uJg7iMys
,5oaMWT6AGEVUGk4JNsjS3Tk5rqAwbxQpSFx4xo6LEsKT4wwqVtj4HZF5TgnU225a6x2Um5DCUMfVgd5e2hEUrWgf,sol,3dxmSSoSbLpmyZZTJhGP4w9DUPLCrMyyUNpb6eL8e3Rf
,AYVPj1KqR7QGjcBHAWJSYnnzWRDAFE53sprwTwYaVjzi82kUriUCQ5JsZayPhuXb3e1qurpnbpcLex3AVnphuub,sol,4An8gF4Cw7hUkGQdgpCvxYP8AtJvYeuaWpBDVu4mNyC6
,5vmVYvYKhGuKdDn7gffeuT6Drp2vaK3dN2tU9R2oKG8oGiZPK3b2feMMCqV1wZ7UJmVVxDjijPsNfp9mAP7UEHBJ,sol,DMZcMsEUCqjZNWaaBZ3a7omdk1HrmY8u8YakSXWWK3KQ
,4wsPgXrtN7YXzg4xKvrKxx2K4juGmwDxfxwwF4gDhASqJGRjH8VaNviLycPzUA5VuA9HankrEVdtSSLQr9jrWvFP,sol,H389qWsUckVfkHmtJuwnd8NBGkXWZb5r69VSkvNS9Qjk
,3WdLMhoxWv6MBGQ2hwXM1sm7QTuFD7Ebpf2he4xdb6U1JDnZcDD7urWBMTq7E9fW2bzxivHoWehGGK3Du31RC6ov,sol,94ZBnRkV9E5DJEFUZpBqFAT69Hh84VC2Ehd981HxCHCp
,2DstAYxRvUvpzcDYVZzoTiYKjdP1KFGd6PC7qEGQ1doSjj9WgFxEanimiAbMPwdoTbeAqv7VjuzjdPTdpEtpbXXc,sol,J9NEEL7PZYH2MWAfkKw96h6m9H5yygCSx8T1pmTQm8bu
,zwEL5P2GSybpgavG2ggJ9QZmJKkoLGZERBDTgn7Kf3JozpKqJWTQbW6TYyjFdhwgkaPfbNxQiA6DjcKf6i3KyUw,sol,4kAsV9ZBCZV6dvgpxxf5Yes2ZKUQ42nJvbwYUeUR9PhS
,5fnxNo7Ewy1ZkTpyTJHoYb9xrsEuikipXUXKYvbJupLsymLBw76YY3VX7QxyJYhwSC4ji6Vzg5Vo89bpkWwfgwLp,sol,HD5ZPGk46ZZnj57vAKAZ6xjmnpEvcGCEWT2WLQh2Uq2N
,Pn26rNm6stWaACxJNHzwDWxNwHgFJqq3gvh3ABuRZA73vr4d1N9jY44FMjQrh3NyZ6zWAEd81cE95UFX9ctUPxj,sol,3Z7e8eoLwANrZwXEKrpc4DP1qTk3UhdyFMBs8aYMF9he
,27Tfa6y29XsdoCXhPGNuYsXpBt7NjEpr11osEggNXCcqjRA8gCkmV3SKhTXKd2W1xq7nnGLECLUr2fVUzGbXdXNL,sol,6ABfHEqAHr4HdHSZgnpDPkvMuT4hQhEjJR1bnz5vLvU8
,3ki3i69ybPMgUyusacxfVzWBsvJhhsqSX8RfWEvKNv6dg166khUeRymKd7SSUwxqesWB43S78L6L1qGget5bktnR,sol,J4hCp6Bf33Wa7CqiyWxRqM43LzX7JU3zTXGJmtQZmtn1
,2zgVdseBLKF73uHcXfq66i2HRYhzGYgGxWEMS1U5HhkLEy2u8snNXMMv9pG2NrdeF75yQbP636fHnmnMUAebqsZy,sol,31E6UVd5xhFA6LLMWoYw359S2RfxU6jtw7UDvKvddUYX
,3DgqFAEaUp38tksM7SjdtkH6LAHfKyydehojrymNAUufrDHJDk8vVeobvQ2zbhu8t38jA7zARJap3SaX8Erc1Lu3,sol,Bom5xEk2S3LecE4g8eG59baqxKXKYr7W1i5B3qZBmzv1
,yP4euxEhPHvc8Ak8FkYBWSr75veH4vYqGHrz2d67ZKKUqVQmjErxq9QZ2ZPVqVxWMjFDYFn8Ae7KAiVvmutX8d9,sol,DfE3NJyoBDRzSQGDESevJPEV6CbGmMLeVpdLkNmvUvqk
,3FVgrpnyhRimvbWdMBm3rqb2pfeZxYMXTLUjMHgNJtCiX5naGAuJViLfmLt9mvT7WdTUvvwTUWJtzYB1TPcf5meV,sol,E8awzUvsqxwLCe9DTphwncTBgXVJTd3fsygKce9cxaH5
,4qYzXPT3zLCfGu2sPnzPVV6m5aDGukLwTtc3MPPQCuW6ca7rkdBNfhFEzV1wqDvmbpxhcJzuxXYpHj2DXbLMGD76,sol,DphMkdxSdL8AHvQd7beFLVeHxWtR3w4MH9rZWgriQNU2
,2ERGBcDFfFPb8zVspTN3brf1UwPgXBc7pcST9KGJPDoiXkMeEySQTMhYLbDKFnjpuwRLJ3uhKSn5j1SYpfKaq4bJ,sol,H6zpaY14WgkEmB3MJTvC7Wb5PQJkBVLd4KwLD2ktVgop
,2b9euGnmxfxKdptrfaipfGLMicEoTqi3x5LviAHbcNwUnJcUcwvVxiLZd8PgtzRXKCWdnddgPmDritPrTif6JVr3,sol,7GhWwhaMgbKiRWxF93Bud6HnHMci6NCLTJyTxG8zFH51
,3gPDosrm9GEZChWP5mvkfSTEVQseTe9ktptjwjNF1LHE3LNWKYc4MQAq8JVcMXYoExuuoMAtE6CGJ2F5WtVeBTbD,sol,3ARRFwtfSuZWRjLZZF6MdoUyR5v9YdymC1kFD9Dchahy
,5bkiad3B2XbKUJW3Mxx4duLpyvoyKnB5CnegeYfsandvnSamY7UxYBUqh9vV9dijZFpoKRntE9dsnquTGnsxKNkQ,sol,F7LWcsFhyxCdCDwgvxxbhdkhYcHEnthsxQBv6NaWd1JK
Gal Finder,4jimPojunRZy3dG9Jq1H4bfo3Vo5bujwESUxmgsnpump,sol,cW9nMFSStCLg8NfUukezFajvKB8UZi3VTNq7jBu8yvU
TRUMPEPE,EegXVoRCZh4BYFKWTSZdsRwDiyQDpnpWphmdt8VQpump,sol,2JZsjjUSGDxLFPoeXepsuWAZktTWHw8UQPeNxc82LtaK
SOS,FrHKNsDF8fwjdex4YuT1kJDENr4pSzCNHnGBByZHpump,sol,5he4wH5fwqngk2bZAwqSnfsAJFX57JdFFtBJnS4go8Vd
SUPERKID,5ZS1AW2XWL2r78PBhfM6DX14fvYumkmFvfzBzsMpump,sol,FMbBWaN9jUREY9w7C6XpHiTZD9gZ957iwBdZgCytKQww
Diddy Jockey,GBhBBvEBDLftyh8fuDgrh1B4J4b3GDC5tiVCsfRVpump,sol,BaWtsBMSrGWn9982JYtNNsjgDc9QSSZGgWyU11h3E436
Elon Tism,36Aoiz19aEqvAs7G6neZTuRQwuRNoGoVznQtdhoVpump,sol,5nw7iP1GevVkNsRvdqPMm37ui4oNtyM6QSGfEF9JgV3F
Jellybean,412zDygnwP9DzitnQVgRKUFFTDmrYScFch6P2k39pump,sol,FaBGrHWjcJ8vKnbgUtsdpZjvF7YAAajtQTWmmEHiKtQr
Jus Ape,ETWkSAQUyoUDG2FMx2rPV1tJTnGtMPUyTxPTs5apump,sol,ChH63RdbMsjRMgPBrNJqKBaigwuka1z6jv3VVS1gfarX
Jwsus coin,CawZT4kQr1t8Di47Nu9Xg1FWrgcqcCb4UyDuq63xpump,sol,4CFcyrEyriT8PzCR48aGV2uvUPa36qqFAhhsBzDiVmCZ
PetroDollar,EMT7TamPGdUSSUZNvVL5FgxPTW9jbMzeaZjP9HFQMH9p,sol,FxmY1ZpN9za3j7m91eJUbJxrjvxuhHcDqQbNE1yxyFgd
Nailong,GxxvX9di8Lvcj4yz3vH3r8SJtroPULeZ9NZPkxWpump,sol,3JMy9ePQUnV8T8saViFmFauCz3RGVH1JDTDx8yHtj34x
Justice For Riley,5bSJySwWpBFookFAW8GxehGyAhXWQ5giyBtSXDQHpump,sol,5h81NoAngjo31ACUurmdLq6KwU3yHRborJJsc1uaNrmz
FRAZZLEDRIP,7sth2vZrcp4bzY9KnBhER5DLqtw9aqc8Dq2rNvtnpump,sol,EwkPvEg6R8LrdQeaPQUhFoeswtEZJSZLgtswvYrTQ6eB
ggg,8sK21r76QF92KAFdPFNJLVHZXaCWNFAbT4WC3SWLy7Y4,sol,8efzNuksj4iVLJjVNB4iGSK77S17yEADX3bCm84L4K6V
the meme guy,GNDpy8ZJVebuHgJZYRzfiAkXCaEoRAcce5Pped541veN,sol,Gri4wKzUauSq3M679FFoNgF75VBp438npUTKe9KVVRLk
cornerstone of financial future,A86bJFmjc2PyrY1iKKK5SLHrPACspPHJrQMp3pcypump,sol,4CTaDck5cfuAQj7JJiZLifcjNBSyNNVJRjcdcutUTxwK
Justice For Riley,6KZWfdmKBSaXn4zsQZoPFTigy9CE9wxDfEsaeJFfpump,sol,7CLbtyYFWG45WQXxwQmkz4fmNCfFuojN8t4za6NVfMfH
THE CRAZY TOWEL,BHt8MK9BEHvQeBjjp9Zt5pPz6bjmEx7EMxP43HtDpump,sol,F5aaWrMNPQ8RDfpBoyP7mpY31xm1xuxvYG449iVuqXmf
"The Omelette ",9578fM3smyncmKXmFcZuVvF6JdK4KkrFeDE6DWe2pump,sol,85NfEWg7zTUja8JCwvHZXvXGFoUY1nWH4AqLF9dN58Gb
Coin,zDhCPQhQC8GPV2N6n8TMBcWBQehYkMHBuBZMzy3pump,sol,5UuT16eymej1dybsgM99qiPWJKJqejFGqpjfFdHrJcnd
In Memory of Riley,FmyS8V7rBB7toG9jMwBSygAv3WgjcZDUEhDZdkaEpump,sol,AiUPiuGqkas7aXcM78LbtV5FA6H6hVLkDRJ4fUKJqHcn
Justice For Riley,5JnYsLuv3aJwQpLpBJFHm5MFJk62hpAtcNx37xugpump,sol,4mahrjrqiHyxSE672x5kLAdqVBpQRTC47QPgsc7TC5ad
"SKICHILL ",51kvcR6o5wYeREH68viTDqcrgc3Qq7S7aAQXV5Y1pump,sol,H7Wazh9fjdVKmxfJDeUMjVPFuYjB3cz71njwFYdaYaiK
MESSI MILESTONE,5yxqhMcvvV2Fnk8tKBd73bgqnCBV9s7vkVoE8Zys5Pjm,sol,BcLYHeegrN2nYjhCWYhd5VUguBhSy6WPrkF78fBK2Hsx
St. Patty Day,HDZHtKsEPbsRhcresr5taTGbrK6NfLZPpiYHRNdopump,sol,HNUR8JkyjysJAQu2jDBnuMFDrbhSJ8nv6yeGBQFT3tEc
Mirabel,He19kKavENnitbtNBRxtLGF4xTHz74eMxHZsK5JXpump,sol,78N177fzNJpp8pG49xDv1efYcTMSzo9tPTKEA9mAVkh2
Blue Emoji,38p1gZEuoVahRyriwqRBUNantjfhj9BZB7sxJAaYpump,sol,2V5fuYR2Sy1tYzoTGDGCaCZcBZ7HEYqsGSJKKJFLc5eb
The Giraffes,GbqbsRyBHVPHEv7xLEsikXmdpPPiApLTJesDBbL5pump,sol,5WMNaQNgUvaNWb6BzvxPukZB3q8UiduTwu3yzUo9cQX3
Million Dollar Toilet,5UKyA4vJU1EuZuVLMwxPUi1HFCP7dHf5bsYeqN2Bpump,sol,AuTdFYLFuzpr385ydnZp3VqayvUrCoY9U5pupvNMnhS6
Justice For Riley,6a3ffwyx63ReMoYvv6q4Pr6waQDvyiqLLkZ8eexrpump,sol,HF3oYAyzWp5EzY2fuFBoi2sMyQBmEJ4Za2jrfLe58KJp
Jack Jenkinz,CsnzptaYFygBBQWQ3sxjDtbJDoXkAQ5atS59jcWCpump,sol,HH6bcsZFXUYiivopJLp1qFBb5RKc9h8DQzmH3t7x3UK2
marmalade white house,9uWcpDPbYmU5rThpP5yVemGnMmM9B7REvVco9DnHpump,sol,Ae9MJBYGaJggNEPbbEuthh1jAD3958TjA9KMk1PBA7gB
Koa'e Kea official,7ukgcGBADW78eXXKPQPDm2sXbrVLFWK7Uh4TNxNgpump,sol,FQgGtcNRuzzwP57h6zbEoZp7sqHquvxydaPUDhMmdfjz
Royper,AgV5iks7yZvMaM2Z2S13vPVTzAhzbHUt5Vx1WFesN14J,sol,EQAgKihShpQRFCLbzFXPGFtnrzL4RSu4EoiRzjzY2LVF
BEST LONGTERM NARA +90M VIEWS,9fW6VzNq3jXMxYsDi7KJ6YXawpC9WZ1RcaysHcmspump,sol,5kNXHVXaHGfrRhWDb5QnhishKXPrp8F9z7sJbPv6iNSD
PetroDollar,26HijyQRPisA96er6xWLh32TSMAHLvivTnmcmu7bpump,sol,EQo5LpRacxe5Jd2cDDV8CP8kwetRjM98Hhn3n7VUrEL6
NetanyahuRawOnion,6arMYEJXTiifQnNkxKKr3hcW6pFu5cpBQQocrs3mpump,sol,9V9oqgcVFydAzzScvtEin1GFNw5s5RPB33BPKWmeGZjv
SMILEYDOG,ArG4bRZGiTf6iowmetnSD54vXsFVKATta2qpJn1Ppump,sol,8gTqqUbCmJe6K5KYCnp4SJnJ68w1a8DYoMTDZsm1PX51
PULSE5,4VAtHsUgNGC2YVCxpYP7QvoS89vbAhTwLVnn5d5hBAGS,sol,CY83p9Yd9hm2UMwb46AP3sMXusVNHRkZWizgaMxLhZmx
MEEP,6J27WsypvH4FKgmTWeMwju2Jn4taRCiJfPLSiRLjpump,sol,J77BSuKsB6mRV5aVLPYRqARir5EPGVkUM1wPMtMFShxG
Panda Dynasty Coin,8m6DkRzcaFW4EeqxkK1hLMpM4sHrT4Pt5Xp3gDHdpump,sol,DuudwJFvcmmRPqLEKbCv1jh1FLCSpetcGNhiH1mqDDLF
Pump Studio,C8kjMc1vpzEr1BQRrRbJ4fycDVayHEZpAFRSXhyapump,sol,CnTfrmE7qiae68qKP6JDeKz8WXjGAb2nDF6Sw85EFnac
WEN MULTIPLA,5cjLUt2Lu5dPg96MjMWmp2t6JP71c6Xfxq9rPSNVpump,sol,He8ayAYWba2Za79A5GMurcgpUxencMRsFwndVj2W13r2
Hopium,FQyMJzKHjWMdtfkrxRrRS3ANFaunT4z51nWWWE9ipump,sol,9kiE2u3SBUPuBrs9YVLzoTLvkSUbEy4VjfueVA2pNLPG
Testjekabsn,oSF7t87GpqzMFMfYipnYYM7Uc6FjHKibPqk2uxjpump,sol,8UXr3yPtAchwbe3cAP6zGP5gAx7qtAb7nsBbZ5vdRgyr
"the wish ",C8FYaCqZBoJWNMqChjeQQKRzJGm2ucGEUn7A2oeypump,sol,5PFfFw6X7am9kqgFKhopgmtyfVcED5gDQFkWfdRH6fDj
Cortical Labs,8Upn5PyPivLhpVP7DKCP4uYXdcNxdd34jz3P9Zdbpump,sol,HiSo5kykqDPs3EG14Fk9QY4B5RvkuEs8oJTiqPX3EDAn
GITHUB 13 YEARS OLD SEND CASHBAC,8T87xADiukhhixYLUqdHhHqsCPWhH7PxoQWGPvDVpoiA,sol,AN7gnNBb4jdfwLrzji9eN3LP5PXP8uScRJT2nACG5A5H
BioLLM,9oxGicd5KXNcthYM6yD23X9zcznQVnHjrAEN38fFpump,sol,FSAmbD6jm6SZZQadSJeC1paX3oTtAiY9hTx1UYzVoXqj
POSTING CA,9FggMYZXoAxMHNnLJX9iufvihB6UnxvSb8cxVCPLpump,sol,5bCs21sXapb8Tvneo9mosNSJM3CRGPQj1ENmhSXpu3cP
POSTING CA,GkTBCTYGzR6REjneDAX2MMsqqPJrz74qt6KdVLYgpump,sol,EuDX58T7yAYgWnXZfuCrv1f8bKpVWWFn8pfhjHe9oVT6
FROG SEASON,B7VBoZDtuvHAeP72aYQKBo63pAXq7dybyj3DRUp9pump,sol,DBwPM4rpLjBB4HwEfcQsoTygN7sECsi4qRwhFJrxTTra
,JkH1KcJzZGLpnwiSiaGcmMSpdTGGTPGAqEP3zwgW47k1H13YeZwSaVfqLYQDocn3hxgZ2We3C9a3DZqH11hQJRV,sol,EsLp7AYm1J59YnMZnQe3Yab2y9gk58HbaAZpX8ib7ovL
,4m77JEAkLhLuL9r3yW8zr6SGULe2aEcULxGNb91gQLiwKWM3dQwRbrYv1r62fvEVnX98wue7zN4iKPhY3maLk9Fv,sol,BMba8A3takKY6R63u7gJ5StEimQMHgV1cBMdn7Apk14K
,5kbSGHyQTLQ7GSoULzR1i1i6yeB9zbCVUxGH7RyVuwtHtSavRz5paRjADB12aJAeagTvHafmimpJo8rCKaYBhnYm,sol,26QPHYoAvypisizpnng5HhAMdazUVFFHKKSW6J4t5Tci
,3KVcq81hKR3ZXrgaGFVfCpKn3WpR1vrJ8cqpVJayBDwvUE8hXLhzCwbcnpEcpGqURLvdZdQwnJr2onvuK2sYbgfh,sol,FJoEC9bVmyzbbYDrvodXdQbWLDhLa1SWPvJaNYmrK6BV
,4zBg7CARLtV5UyoocY9rHwEPeEc6XFv9LUUe2yeQSwi3QDp95MikDBpCCLTayTPsUXK36CRDhZF2ChDqpYyWmSjG,sol,DQVecd2M5zoR1YzgYDVzZ6gQ4MrhemQeXTn1mxjQuaVY
,3ySRHFXKuoB2P7FdoFRxSe7ZQCdrgU9MW7fTtaNYPNQquuJo9VgMdvkqpPomTUYMXM3zw9djY3q14PaGEyQiNog8,sol,4AfjVERqZ5bbZeGkK85gXGFp2Rjxmt7rvpnyn4G7Y2wQ
,4bdUDoHTuXjYWdQigT2ouwpnU4xh17CaCfSSEDfjukYfKJ2wQFJi9k2tKh67c7HVR6RxCiHQyDbNjoEKLJP5L21i,sol,HM7uWQup3QtgE95G9BnA8BYEDQumB5keiFHW5LwFngbS
,2gN9jPX1YimnzQVYsheTqbgjGwqhnuD9nqFG1jUr7bVXBDoxrEqnsEXWHmPAq5F65tHomZyS6HqeYFsBe4UH8vFv,sol,6ci43ui8XW5GCLsYYLPdYK1RfbEt2HrYP4e5KnSuqAxc
,4w3QofSiqPNz1weFuNuBdPg2FUYXeTnR5Cgvvxgf4bzRjNXJn2EtXmtuy4TxFRfxXGKo3wgLMazGqEfPxRnhPby4,sol,BvtZeURZMcvvQVBr5k9jDT53E2xuFq2Da6d6RTDP7gM4
,eJ4Q3noSBVqSC4WDn4PQK5gXUm4wfhgVTRgcQY98FYoht89yD1JtDqKoMPfBojFBtQCU1MWx3Go4ycRi5HZTdsL,sol,7QsXEVDafzuzHSe2oWga3QPfJdqpAuoPgYftXrFXNTcn
,2Km6b2Pxagpeue7wLhgA57wUQeRCDL7KPsGBD1hBTLqoAowQJWUDdKbR4gD4C8wuf8ap9spTX7AVQNWr552we2U6,sol,3CSE8d6oTgmNao46tTY9hczY5xEguFgvnqGtPGpD21Mh
,2uiSdX64UopHy56QHyEca1ST5qTNDfY7ongwWHYgNbPEf8329WKTPkvLFMWEs4Y652pYbL4j8joEmBoPx9uDFwC1,sol,F5XvCe4233m6mHRbkkq2ZsFvqrPAnRrDBExeQy2fwagQ
,27WiZ8SZC2mcnAGjRGwUNjW3NTmS7pLjjhgHcruZ7QMuaR27CyfaE4QTpqEehP84YtkoLxDFN58vZjRMnqipRoWg,sol,FzCwHNL2Fss9t8ktS6pnVmSecivUVozGtqCrm1ddy6UU
,tfj7hGaEysgncXA3odJZx4zrzMsgdjKYfkwvBrZ2LdGhP91EyhTbGfd9wytDHsLoemwBoww82cnPZ15nqiaw7tA,sol,FdDZ3rJFLAu87Dx2584MF2ye4kfks7m1uaGih7pjSwhU
,jECLJDfx9T5xZ7PME18TsJ8raTmCXWKvCi921rSvsTqFmA19ycUTaZ99G4t9aF3gR1EQBGm5mRU7jESPHnX5SuQ,sol,DN8kXeWNYnHnmok3QDzq9Lpw61Ux3zsrevmQqeANkKXc
,3nWAodmcVZpz3B91RKzwF8C83ebyTCpjmwVSNuS3FhQWHMQPn13FiTHq5pbEjZws1UZ18FKrRFHnBAqDELyX3Jn9,sol,7D1g2v3KBC7kxXCjCgLLBHpGTnPcVGJWW6C1k2YdWXR7